frame,timestep,n_atoms,surface_area_A2,filled_volume_A3
0,0,6342,67411.60120223924,1581326.7020421121
1,1000,6744,70378.01383007578,1675725.962065878
2,2000,7170,73743.53952193378,1778888.2182836456
3,3000,7586,77164.69486998106,1882885.0457333927
4,4000,7916,80010.80586435222,1967501.2785842558
5,5000,8274,83373.5661324703,2055223.97009609
6,6000,8606,86483.98651356166,2145033.089154157
7,7000,8952,89736.23438233919,2233868.542355112
8,8000,9238,91796.17040344077,2311112.7307708845
9,9000,9536,94137.80725610968,2390489.712050663
10,10000,9820,96164.8218005715,2466945.6939771026
11,11000,10054,98048.12630952886,2534082.2993552797
12,12000,10306,99410.14989434576,2607431.8226783075
13,13000,10514,100608.3833573232,2661910.7671403363
14,14000,10730,101758.38629769882,2717966.1232811552
15,15000,10926,102793.26487970675,2767391.2761877887
16,16000,11074,103451.48885628777,2803509.6573375124
17,17000,11246,104652.67464901574,2849828.3508401695
18,18000,11414,105602.62705282451,2892576.9353079805
19,19000,11590,106616.13460368935,2938663.803957341
20,20000,11778,107455.52446978177,2982988.8004476125
21,21000,11892,107659.06204311922,3015258.881477003
22,22000,12080,108614.1465511008,3063756.7328627277
23,23000,12196,109094.29020739591,3096351.3696535868
24,24000,12382,110064.129623598,3145359.2373025897
25,25000,12526,110919.66028635247,3181060.332761685
26,26000,12698,112260.50961243172,3225060.773556646
27,27000,12868,113423.36401403596,3265769.2957498287
28,28000,13030,114527.80725652198,3309862.4663008745
29,29000,13228,115809.06682844822,3361003.1266957326
30,30000,13452,117017.20598416177,3418727.625569248
31,31000,13660,117992.3523094565,3472650.1885374933
32,32000,13816,118775.3957118859,3512060.488932828
33,33000,13992,119875.16129120394,3558379.1828300497
34,34000,14182,121104.48353567721,3604883.337087008
35,35000,14328,121977.88078395114,3641882.654074169
36,36000,14484,122772.62448384632,3682915.7310124594
37,37000,14654,123989.11301432442,3730903.566936522
38,38000,14816,124544.16424015889,3774301.262357999
39,39000,14994,125434.61871171866,3820063.575607524
40,40000,15206,126570.91311229965,3877556.248791765
41,41000,15414,127858.69997922773,3929346.019662644
42,42000,15572,128634.9664042594,3972048.238694284
43,43000,15808,130179.04031722191,4034872.8938704208
44,44000,15994,131096.10723602577,4086523.5697188983
45,45000,16124,131692.55086227253,4119860.0471832976
46,46000,16314,132871.1050064746,4169934.310582981
47,47000,16524,134287.18168510988,4227426.983838436
48,48000,16716,135281.90313123085,4278428.548408517
49,49000,16894,136247.28252091914,4329105.558210926
50,50000,17002,136653.31994678557,4349691.644527299
51,51000,17188,137659.29463751503,4394063.00579723
52,52000,17316,138438.92579532322,4431804.16408864
53,53000,17420,138698.09143435594,4459113.183959743
54,54000,17556,139509.7035849047,4493469.692523401
55,55000,17706,140313.39008807682,4534502.769583196
56,56000,17776,140441.13889581044,4554393.379835774
57,57000,17928,141339.70924136584,4594360.060740351
58,58000,18092,142004.91282307566,4636181.343992385
59,59000,18218,142550.84672854506,4669935.1065879
60,60000,18420,143555.37341231757,4724228.591052791
61,61000,18592,144663.7382970219,4764427.097419621
62,62000,18756,145538.46959540457,4808102.98310845
63,63000,18872,146073.6135431239,4837173.874490374
64,64000,19026,146944.32884397727,4877696.936163888
65,65000,19172,147664.05605581758,4916643.585711758
66,66000,19320,148402.38196425838,4956517.536372602
67,67000,19408,148916.18346001024,4977103.622655897
68,68000,19606,150002.78852223683,5027131.521430646
69,69000,19718,150629.34951788455,5055831.492762149
70,70000,19844,151343.23564234193,5093850.841334493
71,71000,19990,152095.5285669779,5132565.6653511515
72,72000,20120,152808.62689259677,5165392.127575265
73,73000,20208,153238.51822138423,5188481.926397886
74,74000,20356,154021.5512040258,5224507.577666323
75,75000,20546,155129.26704540403,5271429.017337118
76,76000,20616,155474.02205047582,5288213.168683011
77,77000,20774,156348.0514298329,5330961.753144686
78,78000,20892,156735.2794006547,5363880.944836905
79,79000,21026,157508.151721077,5400972.992246675
80,80000,21110,157932.05097665024,5425175.553082644
81,81000,21242,158503.21154815218,5459995.712142961
82,82000,21344,159043.32312980085,5486238.335611243
83,83000,21462,159366.67307067523,5514845.577233429
84,84000,21548,159847.7309836169,5536683.520238947
85,85000,21660,160373.89834683712,5563946.17457189
86,86000,21810,161250.11816222873,5603031.919531586
87,87000,21956,162051.7703696294,5640726.712527346
88,88000,22056,162699.84860073798,5665995.6698216
89,89000,22172,163261.3035022499,5701233.11410745
90,90000,22298,163728.22037228523,5732529.529321465
91,91000,22426,164535.44518249974,5765866.00623844
92,92000,22508,165089.78710035412,5787518.488763431
93,93000,22588,165504.08775557182,5804580.830850073
94,94000,22670,165865.8208093939,5824610.535622682
95,95000,22790,166569.26797283813,5853774.158475789
96,96000,22880,166985.08403262246,5877744.8937230725
97,97000,23018,167767.67067971782,5913863.27497342
98,98000,23148,168518.6962360518,5948729.799065247
99,99000,23238,168829.70633935425,5974416.041982768
100,100000,23360,169493.66063221023,6007010.678047357
101,101000,23504,170154.8705871381,6048321.945780232
102,102000,23606,170597.95173106415,6076929.1869231835
103,103000,23744,171347.39904962058,6113001.203208924
104,104000,23840,171834.5008019214,6135673.7165687885
105,105000,24012,172844.83493653938,6179952.348288654
106,106000,24120,173379.7713502997,6209950.5413211305
107,107000,24170,173631.70699430566,6224787.36026133
108,108000,24260,174077.40559334427,6242081.52681574
109,109000,24410,175005.69709832003,6280796.35152886
110,110000,24560,175787.76836352522,6319232.985427355
111,111000,24658,176110.98534570023,6344872.8630078565
112,112000,24758,176631.15233532296,6370234.550506517
113,113000,24860,176981.60174108617,6398563.601192696
114,114000,25012,177832.86234955862,6439179.393158235
115,115000,25080,178274.78130026595,6457818.1468660785
116,116000,25218,178892.50018601256,6496347.511053913
117,117000,25284,179165.60091286874,6513595.312157571
118,118000,25398,179717.80744796045,6543778.9663677225
119,119000,25474,180182.61906564634,6559543.086160762
120,120000,25596,180739.94791730083,6590375.850254709
121,121000,25714,181481.38702597437,6619354.0123030525
122,122000,25834,182120.8596499489,6650279.507116278
123,123000,25904,182359.89638107567,6671653.799181494
124,124000,26002,182813.3377581017,6693677.2015559
125,125000,26076,183341.83049952265,6713567.812130772
126,126000,26104,183401.60851973086,6718621.603297333
127,127000,26246,184274.3672567148,6756038.206582903
128,128000,26326,184719.23381877766,6777783.419054039
129,129000,26424,185242.98730626664,6803469.661704462
130,130000,26536,185998.5105498533,6834997.901714261
131,131000,26596,186139.5435910449,6850483.831125407
132,132000,26716,186794.50619342667,6881826.611035432
133,133000,26806,187239.21907267472,6903618.189178751
134,134000,26914,187958.636374895,6934126.398442281
135,135000,27044,188599.10405058603,6965979.193597187
136,136000,27114,188986.7789743618,6985035.232765175
137,137000,27240,189644.77785566117,7021895.454839551
138,138000,27342,190040.4618331452,7044892.523806433
139,139000,27414,190442.065977475,7066081.35570135
140,140000,27556,191260.02403780696,7103266.133000123
141,141000,27666,191763.23223719164,7131595.184571984
142,142000,27768,192236.27401294577,7161268.821925196
143,143000,27838,192622.86580955473,7177264.767555919
144,144000,27930,193022.5553393697,7204388.327048759
145,145000,28040,193605.99086394155,7232346.457340278
146,146000,28128,194064.3378670961,7257800.874565045
147,147000,28220,194568.99685266629,7284599.878977095
148,148000,28272,194748.48352256045,7295171.1121953735
149,149000,28364,195249.88854495683,7317843.626008925
150,150000,28474,195874.96267449151,7346311.772229319
151,151000,28556,196385.71927874096,7368706.095351761
152,152000,28678,197039.85790655072,7400466.161290601
153,153000,28810,197742.86425779678,7436028.161244087
154,154000,28948,198467.84437760312,7473537.494412746
155,155000,29020,198775.29098293668,7491805.327040713
156,156000,29050,198777.8673083667,7497183.674382357
157,157000,29148,199283.30021178897,7521386.235274911
158,158000,29246,199864.48196137557,7547257.937998737
159,159000,29318,200391.17013179167,7569374.071115518
160,160000,29388,200558.6235725583,7584628.175710134
161,161000,29494,201252.88579319828,7613374.512217959
162,162000,29552,201642.4926843408,7627237.664794151
163,163000,29706,202468.34053361582,7668038.916910766
164,164000,29814,203044.5326695912,7695672.491848218
165,165000,29930,203742.56070004054,7726458.891253403
166,166000,29968,203913.92378420837,7735824.6328431545
167,167000,30058,204409.73090595417,7758543.5119035365
168,168000,30142,204647.5240371519,7779175.9627961
169,169000,30276,205417.4414897729,7812697.900585658
170,170000,30378,206028.64623058538,7839079.6194334375
171,171000,30390,205938.24067077236,7838847.794135321
172,172000,30424,206012.62446262964,7847193.504685333
173,173000,30536,206628.4838792046,7875058.904513295
174,174000,30596,206909.96268292563,7891796.691173713
175,175000,30672,207224.03307565834,7911362.7460387
176,176000,30746,207619.01140177928,7930233.325049509
177,177000,30872,208329.85469001002,7962596.136499495
178,178000,30876,208304.2381958352,7963245.247583121
179,179000,30952,208734.23799145786,7983135.857463886
180,180000,31064,209348.87544511908,8013458.606588701
181,181000,31154,209834.7564341324,8039005.753835969
182,182000,31200,210067.53965988697,8049437.891891754
183,183000,31254,210185.05648236163,8060936.426661978
184,184000,31420,211228.14541442113,8106884.199886204
185,185000,31450,211275.80490586988,8114488.069429688
186,186000,31522,211693.50927317305,8133868.664582293
187,187000,31606,212118.82405409598,8154779.30594241
188,188000,31644,212343.51377516252,8163542.302079225
189,189000,31730,212737.2651039401,8188625.798902407
190,190000,31878,213598.01266097874,8228731.575015968
191,191000,31998,214432.1855248028,8263041.718798232
192,192000,32048,214646.2989563258,8275977.570345739
193,193000,32118,215030.75080023467,8291278.039748019
194,194000,32190,215407.9525919784,8310009.523513657
195,195000,32220,215415.55043017666,8317845.218538978
196,196000,32324,215988.58533524998,8342465.064916894
197,197000,32436,216685.93080070926,8374688.780642511
198,198000,32508,217048.60119146807,8391612.02724932
199,199000,32598,217559.63717088746,8415072.747325355
200,200000,32714,218432.07717363827,8447991.938911878
201,201000,32804,218908.80499171268,8472704.515284685
202,202000,32900,219424.28202209857,8497556.187090376
203,203000,32962,219766.0851900327,8510909.323761223
204,204000,33006,219911.99893340483,8520831.446206756
205,205000,33066,220269.39921989376,8536178.2810165
206,206000,33176,220855.5469651533,8563580.030957451
207,207000,33232,221225.09265622371,8579390.515814839
208,208000,33296,221664.81244214156,8594273.699772175
209,209000,33396,222181.48637347945,8620887.243951736
210,210000,33494,222764.3838764008,8647176.232285108
211,211000,33542,222989.63814387284,8659509.337899514
212,212000,33636,223629.77837013046,8685566.501686836
213,213000,33742,224216.52390391182,8714220.107663982
214,214000,33838,224801.12154924366,8740230.905906787
215,215000,33928,225183.34653721875,8762486.134077035
216,216000,33950,225283.2256257618,8765453.497813175
217,217000,34008,225494.7535469446,8777508.413313512
218,218000,34124,226158.4038445558,8809685.76473327
219,219000,34182,226550.99294465093,8825171.69381569
220,220000,34296,227218.8037062462,8856931.759280996
221,221000,34358,227553.350858459,8872510.419080084
222,222000,34422,227950.81375868127,8887486.33304264
223,223000,34470,228127.12562650276,8898567.582296463
224,224000,34514,228346.0605738253,8910529.767695446
225,225000,34540,228393.42763944957,8918087.272168742
226,226000,34594,228616.3382358478,8931764.964589888
227,227000,34642,228852.0329230049,8943402.594582308
228,228000,34710,229207.6167090367,8960047.650443902
229,229000,34740,229292.3479020609,8969459.757670261
230,230000,34766,229386.3187390622,8976970.897195693
231,231000,34834,229772.2965746873,8994635.984624574
232,232000,34918,230277.00939667202,9017354.863472352
233,233000,34988,230578.17844169037,9035437.236665497
234,234000,35090,231247.62451117326,9061911.68524643
235,235000,35152,231731.64189846962,9078232.186102597
236,236000,35182,231801.9729620909,9084166.913517097
237,237000,35288,232617.8369846254,9111336.838134725
238,238000,35398,233294.82311260595,9139434.06425242
239,239000,35486,233804.90005109776,9162848.41902009
240,240000,35578,234282.62676632014,9188302.836501162
241,241000,35668,234753.21866380752,9209445.303167364
242,242000,35742,235280.59383802372,9231793.26140884
243,243000,35796,235604.30206911612,9245424.588899348
244,244000,35840,235713.234630073,9252889.363347296
245,245000,35884,236002.92835807777,9263506.961947028
246,246000,35916,236040.10795366744,9271157.196649253
247,247000,35982,236425.73824152126,9287338.601965882
248,248000,36020,236672.35430055775,9297724.374963077
249,249000,36114,237213.50852460062,9323086.062459366
250,250000,36250,238126.12563892838,9359899.91930883
251,251000,36310,238496.26745095622,9379002.323559498
252,252000,36368,238685.23248384247,9391103.604094293
253,253000,36412,238889.2752230996,9402787.599309886
254,254000,36466,239179.38046368904,9417068.036736313
255,255000,36524,239543.21696559634,9431441.205278054
256,256000,36584,239884.54028145855,9448086.261197498
257,257000,36574,239580.88364473722,9443171.564847376
258,258000,36604,239739.22438861852,9449291.752900746
259,259000,36648,239957.91386851436,9460512.09722938
260,260000,36728,240567.76043784726,9481932.754604908
261,261000,36712,240361.05748643997,9478223.549717594
262,262000,36762,240654.76678464154,9492457.6230292
263,263000,36824,240990.0418755463,9507804.457501564
264,264000,36886,241408.1362103393,9524588.608860197
265,265000,36980,241884.42061727092,9548744.804449767
266,266000,37032,242210.64244777965,9564230.734671367
267,267000,37052,242250.46683741783,9568867.24051966
268,268000,37122,242842.87534974882,9585419.566456227
269,269000,37164,243024.4003583342,9597010.831251781
270,270000,37190,243178.3966562767,9603177.38412864
271,271000,37264,243612.01786669844,9624227.120678758
272,272000,37352,244241.28261877852,9646945.999505216
273,273000,37352,244130.71950199516,9645555.047529763
274,274000,37398,244315.89204411107,9658259.07389038
275,275000,37414,244447.9311265977,9663081.039988078
276,276000,37456,244644.94810382157,9674857.764915675
277,277000,37510,244882.37658676802,9689045.473081995
278,278000,37542,245024.0862481044,9697066.628312266
279,279000,37626,245540.27968511244,9718487.28578322
280,280000,37692,245947.47964591612,9736291.468500217
281,281000,37698,245924.7832650446,9736245.103268662
282,282000,37760,246350.37323240418,9754234.746201828
283,283000,37810,246501.6751408178,9766428.756596208
284,284000,37848,246688.22653403872,9775748.133216836
285,285000,37872,246806.56430576526,9780384.639733901
286,286000,37924,247068.5400734352,9793366.855749454
287,287000,37978,247356.50541422793,9807137.278308487
288,288000,38016,247523.18644204852,9817152.131426997
289,289000,38110,248280.86439070234,9842884.73854896
290,290000,38196,248773.67987829217,9864537.221193777
291,291000,38232,249021.1695697031,9873022.027102076
292,292000,38282,249265.70360670052,9885076.942377301
293,293000,38346,249709.9123471034,9900980.157830456
294,294000,38370,249750.4242651485,9907795.820948277
295,295000,38378,249763.93909116942,9910021.343892347
296,296000,38434,250080.02953701932,9923652.671914807
297,297000,38492,250383.03602216384,9938535.855242215
298,298000,38600,251101.0301524928,9965613.049506515
299,299000,38610,251110.03973990443,9968673.14358366
300,300000,38686,251516.85561845585,9988471.023934819
301,301000,38704,251607.97624389824,9993061.164627096
302,302000,38762,252052.3874178883,10007480.697938092
303,303000,38838,252512.651453879,10025887.626126828
304,304000,38846,252513.67764231827,10028391.339532055
305,305000,38846,252565.51596664873,10027324.943443947
306,306000,38942,253223.8763603396,10053011.186293894
307,307000,38976,253441.84429319124,10062284.19810098
308,308000,39038,253806.6749976015,10077445.572394704
309,309000,39076,253972.49123213883,10088619.551859574
310,310000,39128,254192.35818449451,10100859.92710091
311,311000,39146,254285.61809324546,10104847.322199369
312,312000,39152,254342.67986868235,10107258.305365764
313,313000,39190,254615.14798375525,10116763.142209325
314,314000,39244,254912.2287884027,10131507.231281156
315,315000,39286,255172.20298155517,10142217.559990523
316,316000,39342,255448.80276272885,10156219.807320554
317,317000,39382,255769.15667958735,10167208.326029966
318,318000,39480,256385.5426182101,10192291.823659556
319,319000,39528,256802.37086794025,10205088.57976808
320,320000,39566,256889.67402110677,10214686.146874864
321,321000,39570,256892.35896556548,10213712.480884396
322,322000,39662,257432.2827788342,10238656.882198052
323,323000,39692,257665.4133313604,10244684.34005539
324,324000,39720,257807.31342963115,10253354.606164353
325,325000,39762,257991.16996037256,10264945.870488435
326,326000,39834,258439.44140451247,10282981.878596215
327,327000,39858,258580.8523525785,10289519.351841506
328,328000,39902,258894.83849969876,10299858.75992292
329,329000,39940,259147.41554979264,10309966.343139015
330,330000,39986,259443.54155396819,10322716.73468561
331,331000,40030,259474.82337948977,10334215.26926294
332,332000,40088,259847.10009917963,10350072.11917994
333,333000,40120,259999.25638426488,10357768.718677938
334,334000,40194,260435.07402863758,10376685.662927756
335,335000,40256,260797.8933254679,10390734.275782606
336,336000,40294,260939.3951169913,10400888.223819269
337,337000,40326,261037.2269461282,10410346.695845343
338,338000,40368,261324.910505032,10421984.326075697
339,339000,40396,261441.528678934,10429170.91008152
340,340000,40422,261592.66290132285,10436728.414820272
341,341000,40464,261857.1646369424,10447624.20322556
342,342000,40534,262337.70288725983,10467329.35299792
343,343000,40570,262522.38111987425,10475814.15935919
344,344000,40650,263046.66585202987,10495843.864559084
345,345000,40706,263377.7564336843,10511515.254333578
346,346000,40714,263392.4281302783,10511886.17519273
347,347000,40748,263595.00250099285,10519675.504814507
348,348000,40794,263939.1909423991,10531220.404511785
349,349000,40862,264311.38236648607,10548560.936620174
350,350000,40870,264354.08537425916,10550276.443784945
351,351000,40940,264717.9698249306,10569842.498701729
352,352000,40922,264539.9673729375,10565298.723031783
353,353000,40960,264737.7171580825,10574710.829833131
354,354000,41000,264939.6690540905,10585606.619174035
355,355000,41016,265075.70441977185,10588898.538081918
356,356000,41062,265336.3010120727,10600257.977597112
357,357000,41116,265630.21012367035,10613750.21000279
358,358000,41164,266048.63669370714,10628030.648041537
359,359000,41170,265916.08868444315,10628123.377970524
360,360000,41172,266056.47859499557,10628633.39397299
361,361000,41240,266495.29210875795,10645371.179915432
362,362000,41264,266659.73713561124,10651074.081878569
363,363000,41326,267054.1156061653,10667070.02737454
364,364000,41358,267287.46936037415,10675323.008082915
365,365000,41436,267768.86187448597,10695630.903728452
366,366000,41492,268098.7741918749,10709864.976701364
367,367000,41508,268218.001579391,10714408.752690084
368,368000,41554,268398.50126240624,10724469.97060417
369,369000,41590,268599.5337152315,10734670.283833977
370,370000,41592,268598.5158550107,10736061.235377422
371,371000,41616,268789.05045845703,10742181.42270675
372,372000,41708,269261.9211524012,10765642.142986005
373,373000,41714,269185.7643135284,10767589.47564518
374,374000,41754,269429.6637308795,10777140.6774844
375,375000,41798,269724.47773439373,10788314.6566309
376,376000,41806,269786.87834547553,10791560.210694091
377,377000,41848,270076.4223483074,10802919.650286319
378,378000,41872,270158.9409499872,10808390.727406038
379,379000,41892,270255.3983833068,10813073.59828314
380,380000,41888,270249.1752619148,10812517.217669846
381,381000,41900,270247.22379069694,10815762.771540724
382,382000,41940,270579.4780129883,10826380.370047491
383,383000,41964,270695.5781460207,10833196.033844942
384,384000,42050,271080.5129663087,10857120.404647402
385,385000,42076,271305.1503027418,10863194.226907164
386,386000,42098,271392.03498517245,10869221.68452634
387,387000,42174,271826.2857871101,10889158.660023352
388,388000,42196,271958.78507838765,10895557.038211523
389,389000,42222,272136.2277215978,10901352.670576239
390,390000,42256,272264.9565839169,10908214.698931448
391,391000,42254,272181.07703991234,10908492.889984949
392,392000,42294,272441.7868414484,10919666.868916633
393,393000,42302,272617.8690051553,10921057.820348965
394,394000,42336,272778.41218591505,10928522.595081875
395,395000,42366,273000.57003587706,10937007.400814058
396,396000,42442,273458.8272047794,10956619.820908582
397,397000,42456,273569.4346144602,10960004.46998277
398,398000,42508,273960.92328688415,10973543.067197703
399,399000,42526,273950.48239379085,10977994.113162436
400,400000,42544,274028.2075602697,10981332.397287993
401,401000,42604,274321.2912812446,10998348.37368823
402,402000,42624,274402.3693310668,11002567.59383318
403,403000,42646,274520.7209929187,11009615.08318853
404,404000,42650,274615.4457417522,11010913.304305451
405,405000,42752,275217.00380560587,11036506.817208773
406,406000,42764,275150.1984551781,11037016.833355993
407,407000,42772,275204.5006236906,11040494.212626146
408,408000,42780,275173.0277422784,11041977.894436434
409,409000,42790,275326.1061884316,11045223.448451318
410,410000,42826,275554.89317164995,11053290.968935722
411,411000,42854,275730.6857687809,11062193.06022978
412,412000,42872,275829.91775816743,11066226.820376258
413,413000,42902,275983.5255391267,11074433.435772974
414,414000,42910,275999.85381342453,11077354.434563637
415,415000,42934,276133.76397520903,11083984.637812573
416,416000,42992,276515.073930583,11098775.091984754
417,417000,43034,276769.5177601925,11109392.690468326
418,418000,43050,276872.2647046736,11113565.545555398
419,419000,43094,277112.8938901681,11125759.556397319
420,420000,43116,277244.1582173118,11131462.458586447
421,421000,43126,277255.84722066915,11133966.171230912
422,422000,43174,277626.7099679152,11146345.6424292
423,423000,43198,277639.3404846634,11152280.369971953
424,424000,43244,277895.173105691,11165030.761913108
425,425000,43288,278197.0313957554,11175184.709501987
426,426000,43334,278508.3888072866,11187749.64040506
427,427000,43330,278461.07364519505,11185524.117375718
428,428000,43384,278811.5790930859,11198506.333975721
429,429000,43396,278841.79649719514,11200778.22198967
430,430000,43380,278776.5456433449,11196141.716050768
431,431000,43410,278934.0978616928,11203189.20475838
432,432000,43502,279501.95777266135,11228133.606478907
433,433000,43498,279513.2412791357,11227391.764959743
434,434000,43530,279721.89424162277,11234531.984782113
435,435000,43572,279889.55138468946,11246308.709755002
436,436000,43574,279908.3939517399,11247746.026744878
437,437000,43624,280221.28854352003,11260357.322591856
438,438000,43670,280637.8657935407,11271624.03173149
439,439000,43662,280567.7320943472,11269537.604154926
440,440000,43688,280740.74757921055,11275982.347612228
441,441000,43716,280788.92850812175,11283586.217013309
442,442000,43780,281156.5985351554,11299906.717862686
443,443000,43808,281323.51959533576,11305238.69969683
444,444000,43824,281396.9623725231,11308762.44448373
445,445000,43872,281642.27807287953,11322301.041198315
446,446000,43908,281932.8052832841,11330878.5772819
447,447000,43920,281931.55298363784,11333057.735216586
448,448000,43974,282318.93125520815,11348126.379216427
449,449000,43976,282392.11382665846,11348497.299613506
450,450000,43988,282375.87618821213,11350537.362407891
451,451000,44002,282365.0781394414,11353922.011746561
452,452000,44008,282387.29610977886,11355312.963264111
453,453000,44074,282822.50470796315,11372421.669830622
454,454000,44066,282737.0841264888,11370752.527835123
455,455000,44152,283172.2905400515,11395047.818974582
456,456000,44170,283280.60697262513,11398896.118731478
457,457000,44190,283342.7252424818,11404552.656281967
458,458000,44196,283354.9884920292,11406036.338413328
459,459000,44228,283523.7442625341,11414984.794428766
460,460000,44206,283424.910929758,11407937.305773553
461,461000,44256,283722.0581680829,11421151.347637992
462,462000,44260,283571.7360379754,11422032.28365302
463,463000,44292,283794.3387221041,11430841.64464894
464,464000,44332,283996.7503289386,11441273.783041066
465,465000,44352,284179.5374745879,11447440.335763259
466,466000,44444,284851.3480594445,11471364.70603795
467,467000,44424,284628.9941202595,11466032.724358108
468,468000,44452,284739.71527754405,11473775.688729262
469,469000,44458,284709.6874104036,11474100.244390145
470,470000,44528,285217.5133297267,11493109.9189946
471,471000,44588,285696.32086257683,11508642.21331102
472,472000,44634,285913.1511734338,11520094.382837059
473,473000,44672,286102.25251366966,11530062.870237106
474,474000,44722,286322.406814246,11542766.89696598
475,475000,44768,286638.6582308641,11553199.035003332
476,476000,44834,287114.3875620642,11569890.456176622
477,477000,44844,287142.30683308904,11571652.328532716
478,478000,44886,287459.5403807081,11582594.48246174
479,479000,44942,287718.2844092652,11597060.380781079
480,480000,45008,288088.6116121917,11615142.75389024
481,481000,45038,288227.45152955834,11621958.417885123
482,482000,45012,288013.304634864,11615930.960082842
483,483000,45036,288173.35400376614,11621216.576552682
484,484000,45078,288454.8964761828,11633642.41301463
485,485000,45074,288424.7461331808,11633456.952511592
486,486000,45102,288670.3216524757,11641849.028032199
487,487000,45110,288577.20213906554,11644399.106621346
488,488000,45122,288613.02192792814,11647227.374704352
489,489000,45186,289046.25178578147,11665356.112635482
490,490000,45216,289135.6654706384,11673423.632957712
491,491000,45258,289400.9230660053,11685153.992835872
492,492000,45280,289492.4305532349,11690393.244503312
493,493000,45340,289914.4008532945,11705276.428303212
494,494000,45372,290084.2205774441,11714595.805473061
495,495000,45370,290000.70748557546,11712880.298266092
496,496000,45392,290061.334217922,11718861.390658002
497,497000,45420,290239.2944159629,11724517.927945612
498,498000,45448,290382.06551836303,11731611.782142922
499,499000,45486,290678.963636601,11742043.920561807
500,500000,45492,290681.80369983043,11742924.856624573
501,501000,45538,290965.251923905,11754655.216529537
502,502000,45546,291029.610109002,11756185.263295697
503,503000,45554,291058.9908194273,11757715.310569663
504,504000,45594,291381.36884750036,11768193.813625883
505,505000,45666,291727.95007735025,11786971.662525866
506,506000,45680,291871.53525402327,11791515.438222395
507,507000,45686,291761.8829001623,11793694.595920244
508,508000,45710,291921.7424165419,11799814.784071062
509,509000,45712,291812.4080532928,11799629.323652636
510,510000,45732,291933.5626151208,11804868.575262403
511,511000,45746,292032.0772315667,11809319.620931592
512,512000,45776,292179.9346242188,11816181.649287002
513,513000,45794,292262.1555973163,11820910.88557464
514,514000,45820,292347.0939849112,11826845.612807479
515,515000,45838,292409.7848061611,11832641.245642388
516,516000,45850,292579.03137302137,11834866.768684076
517,517000,45856,292562.38695588283,11836304.085336426
518,518000,45874,292680.23996121547,11841728.797347736
519,519000,45926,293009.5772702075,11855499.219617028
520,520000,45966,293121.80560905504,11866812.293808611
521,521000,46004,293301.7519847525,11876873.5117235
522,522000,46056,293562.3485558294,11891895.790738115
523,523000,46056,293580.9456757557,11889855.728461292
524,524000,46118,293980.7798825186,11906639.879601074
525,525000,46122,293931.02744852204,11906176.228910087
526,526000,46160,294108.17358484195,11916330.177348157
527,527000,46188,294174.85178914276,11924583.157354742
528,528000,46250,294635.0224019325,11939976.356929682
529,529000,46294,294826.11280380026,11951243.066139966
530,530000,46320,294920.9883798155,11957502.349117137
531,531000,46372,295144.66830866144,11969742.725031598
532,532000,46420,295493.50928202365,11983976.798217608
533,533000,46478,295892.53967879986,11998581.791470218
534,534000,46450,295638.93946360314,11991024.28710315
535,535000,46458,295663.48529994296,11993296.174917497
536,536000,46488,295933.388447494,12001224.59991606
537,537000,46502,295872.2854884203,12004748.344569702
538,538000,46538,296069.7044043453,12013279.515277093
539,539000,46612,296456.7235339116,12033726.506287906
540,540000,46678,296824.9205364606,12050278.83240777
541,541000,46688,296853.11995843763,12053709.847109156
542,542000,46738,297105.90525141824,12067062.984069984
543,543000,46736,297067.35801603243,12065903.857598614
544,544000,46776,297397.5822449497,12076846.011348704
545,545000,46762,297245.1548835789,12071096.744148238
546,546000,46788,297385.31211962213,12078839.708735682
547,547000,46788,297357.54480915825,12078654.248655634
548,548000,46784,297223.441837364,12077587.852019703
549,549000,46806,297342.5682667358,12083708.040025597
550,550000,46816,297443.2333010927,12086489.94376974
551,551000,46844,297727.2617746699,12093583.79756705
552,552000,46852,297681.24196367204,12095623.860008575
553,553000,46852,297683.57280352426,12095206.574370427
554,554000,46922,298123.2943243246,12113149.85310049
555,555000,46944,298248.2139862562,12118435.46925319
556,556000,46960,298249.5085157568,12123906.54620883
557,557000,46974,298321.6637194026,12127244.83061556
558,558000,46974,298297.1105253136,12126920.275149997
559,559000,47000,298456.0831812986,12133643.208692122
560,560000,47036,298708.4022848073,12142591.664731085
561,561000,47062,298785.1762807137,12150102.804372871
562,562000,47090,299001.6431183517,12158494.880218381
563,563000,47108,298974.6917786478,12163131.386195268
564,564000,47126,299008.74738740386,12168185.177592058
565,565000,47184,299231.7914794547,12182001.965063231
566,566000,47214,299461.15860579466,12192155.912727132
567,567000,47206,299336.5523768653,12189188.54925207
568,568000,47266,299722.8497797943,12204581.748689193
569,569000,47250,299556.06886372133,12201336.194554375
570,570000,47328,299983.4152576577,12221504.995221026
571,571000,47360,300164.6783632874,12229618.880903324
572,572000,47420,300563.77650435653,12245707.557020033
573,573000,47428,300484.94001063576,12247515.794049311
574,574000,47400,300366.45350603876,12241256.511296807
575,575000,47416,300456.0419063092,12246032.11210196
576,576000,47414,300396.8516863898,12244502.065112898
577,577000,47450,300561.72649150976,12253728.711755035
578,578000,47448,300548.1180653345,12253357.790960703
579,579000,47464,300660.0570786375,12256603.345351828
580,580000,47482,300785.3932350234,12261425.311560417
581,581000,47502,300883.7289008477,12267545.499249289
582,582000,47538,301088.48278559133,12276911.241370222
583,583000,47548,301077.00733767194,12279739.509910885
584,584000,47570,301149.47037535004,12285674.237061761
585,585000,47584,301189.0625960803,12290125.283220453
586,586000,47632,301470.8534584946,12303663.880160116
587,587000,47614,301346.65283714456,12298239.168232892
588,588000,47648,301621.73766745866,12307280.354889356
589,589000,47680,301698.4863790054,12315069.684914486
590,590000,47700,301801.21592686314,12320030.746077627
591,591000,47710,301857.4746536147,12322859.014449822
592,592000,47806,302521.5421552672,12347154.305441072
593,593000,47776,302318.77354804147,12339874.991467714
594,594000,47792,302417.4264974314,12344279.67200511
595,595000,47834,302648.8108631777,12354665.445016596
596,596000,47866,302810.2727219534,12362825.69553231
597,597000,47886,303013.98274001596,12367740.391598945
598,598000,47904,303153.7414559767,12372608.722509766
599,599000,47942,303338.0982318434,12381742.639455792
600,600000,47926,303271.5540221507,12376039.737050585
601,601000,47958,303493.8994486447,12383782.702316895
602,602000,48046,304017.12828621286,12408170.723589825
603,603000,48054,304039.74268142367,12409515.310318202
604,604000,48078,304123.33004081115,12415774.592967452
605,605000,48076,304115.5445192153,12416562.798951434
606,606000,48110,304293.6790151635,12424723.049076583
607,607000,48148,304489.64028535126,12436082.488604115
608,608000,48162,304568.8271704439,12438957.122241413
609,609000,48158,304537.3554508032,12436870.694728374
610,610000,48242,304908.8491957964,12458708.637485106
611,611000,48250,304999.8998558653,12461305.080646038
612,612000,48282,305224.1979792862,12469465.330464065
613,613000,48274,305184.92850275856,12467054.347956749
614,614000,48282,305245.3137524179,12468538.029688803
615,615000,48340,305531.75375968276,12483792.134020254
616,616000,48336,305548.65410387673,12481891.166879926
617,617000,48424,306041.289090738,12504424.5853072
618,618000,48416,305929.27394127054,12503775.474596437
619,619000,48418,305941.151546553,12504795.505548464
620,620000,48456,306163.8663331451,12513836.69243892
621,621000,48500,306354.4750964948,12525427.957292994
622,622000,48502,306364.6941762688,12526865.274327418
623,623000,48518,306378.29222913604,12530945.399268802
624,624000,48514,306367.51470026706,12530620.843749372
625,625000,48568,306753.65534771397,12543973.980853118
626,626000,48570,306730.22931108257,12544762.186923463
627,627000,48574,306682.54365885654,12545457.662947439
628,628000,48596,306838.55335332087,12550465.089543829
629,629000,48640,307001.25757490145,12562195.449018031
630,630000,48704,307356.1547723181,12580324.187348237
631,631000,48688,307203.2686710292,12576012.236533908
632,632000,48754,307601.5593435673,12593260.038673544
633,633000,48796,307784.09383202234,12604944.033451103
634,634000,48850,308178.8110544451,12618714.45585557
635,635000,48860,308234.31493527495,12620893.613754481
636,636000,48870,308279.6467431829,12624185.532448893
637,637000,48918,308515.6784601524,12636240.447672853
638,638000,48914,308440.15170541743,12635359.511929044
639,639000,48930,308546.8801687232,12639346.907479757
640,640000,48928,308431.93694587203,12638558.700800931
641,641000,48970,308715.7979979139,12649964.505544305
642,642000,48972,308666.1415845015,12650103.60082332
643,643000,49034,308995.8232861422,12666192.276149642
644,644000,49020,308920.869646,12662853.992129913
645,645000,49042,309009.59277884127,12669530.560644558
646,646000,49058,309107.41949848714,12673749.78084939
647,647000,49072,309153.5570956908,12676763.51003665
648,648000,49088,309265.7800626637,12680379.984492222
649,649000,49118,309465.64933556464,12688447.504295008
650,650000,49158,309627.0568402402,12698555.087644357
651,651000,49166,309650.42305228696,12701568.816372799
652,652000,49206,309826.555750805,12711120.018508622
653,653000,49248,310074.25750945695,12719651.189340143
654,654000,49252,310077.41199330305,12723128.568681361
655,655000,49276,310287.58349585434,12728043.265109422
656,656000,49264,310149.27584927203,12725075.901225967
657,657000,49290,310315.8073005974,12732772.500632487
658,658000,49308,310387.09440935147,12738475.403318133
659,659000,49338,310505.13635145465,12746450.193018395
660,660000,49342,310494.4436650439,12747423.859180462
661,661000,49346,310461.3648961714,12748258.430233743
662,662000,49366,310522.27399562363,12753497.682085061
663,663000,49388,310637.6906318972,12760591.536319809
664,664000,49390,310717.44915153936,12760174.250587575
665,665000,49428,310935.67568334815,12769029.976729466
666,666000,49440,311057.636451173,12772321.896276627
667,667000,49462,311168.7994103988,12777885.703099689
668,668000,49448,311075.65595883067,12773805.578115195
669,669000,49460,311082.13536080666,12776355.656351136
670,670000,49478,311219.74557509087,12781223.987813951
671,671000,49552,311674.2151741723,12801068.232526597
672,672000,49574,311779.7603627897,12807095.690467369
673,673000,49576,311709.05796498834,12807559.340889113
674,674000,49558,311591.77891667467,12802412.81945941
675,675000,49576,311688.47925342555,12807095.690357525
676,676000,49604,311835.838171053,12813586.798813658
677,677000,49612,311905.0912283386,12816554.16242997
678,678000,49610,311868.8552909665,12815441.401187677
679,679000,49632,311954.8371591353,12821283.398512729
680,680000,49630,311948.3602016359,12820680.652665814
681,681000,49680,312314.8384216659,12833060.12324497
682,682000,49682,312274.686238887,12833245.583703702
683,683000,49702,312397.7652630086,12840432.167873126
684,684000,49716,312471.91407698824,12844234.102546394
685,685000,49726,312534.10259270604,12846135.069711508
686,686000,49736,312623.1876185719,12848546.052899303
687,687000,49746,312657.65623481415,12851420.686280439
688,688000,49766,312758.87557300885,12855686.271963667
689,689000,49808,312939.4407074252,12866906.616387788
690,690000,49812,312921.9194551454,12867416.632087443
691,691000,49838,313117.13213796436,12875020.50156792
692,692000,49850,313115.2480093371,12878590.611121133
693,693000,49852,313164.8485508459,12879378.817107918
694,694000,49868,313234.2905202252,12884108.052858934
695,695000,49900,313494.0049025985,12892175.573592367
696,696000,49904,313537.353436705,12892731.95402982
697,697000,49922,313646.3754628553,12898110.300709436
698,698000,49928,313666.97905620915,12897182.999793645
699,699000,49912,313543.40126581624,12891526.462339032
700,700000,49940,313657.74853151664,12899362.157325566
701,701000,49952,313695.9197031265,12904230.488908205
702,702000,49972,313792.1528204169,12909377.009938877
703,703000,49974,313773.4204634951,12908866.99478088
704,704000,49980,313814.6435599158,12910536.136842513
705,705000,49998,313848.8517697394,12915868.118326506
706,706000,50008,313942.661582069,12918418.196615027
707,707000,50062,314288.77016146865,12930983.128581347
708,708000,50126,314671.5491935885,12947489.089175224
709,709000,50104,314465.3916242482,12943362.59904056
710,710000,50138,314732.34833400487,12951986.500149451
711,711000,50154,314763.31888778013,12956483.910964796
712,712000,50118,314515.14588684816,12946005.40741537
713,713000,50096,314441.80651009263,12941415.26656362
714,714000,50108,314523.5774985489,12944985.375969393
715,715000,50120,314624.3373609781,12946886.343380576
716,716000,50122,314540.77427821833,12947442.724222952
717,717000,50132,314570.4123385628,12951059.198732136
718,718000,50138,314689.0533259674,12952821.070756664
719,719000,50154,314701.72235149826,12956530.275513597
720,720000,50178,314839.3371468273,12963206.844175944
721,721000,50234,315165.1204295169,12978275.488477817
722,722000,50236,315088.48026329716,12978507.31353767
723,723000,50230,315056.4639269486,12976374.52101293
724,724000,50252,315175.4329532122,12982772.89902299
725,725000,50238,315177.6687701629,12979620.075078903
726,726000,50252,315234.2461440746,12982541.07388762
727,727000,50254,315259.25916890986,12984720.231876152
728,728000,50258,315225.63651713653,12985508.437184228
729,729000,50256,315249.2973883868,12985740.262912462
730,730000,50284,315418.0380508097,12993251.402265396
731,731000,50300,315504.4762425252,12997702.448097074
732,732000,50314,315524.06274934224,13000669.811647419
733,733000,50306,315487.81121596385,12997609.71771254
734,734000,50364,315832.61291401973,13012631.996599296
735,735000,50352,315727.8638137762,13009015.521916592
736,736000,50378,315931.9464009761,13015877.55128331
737,737000,50368,315821.6761194728,13013327.473037219
738,738000,50400,316072.27572061925,13021997.738723282
739,739000,50388,315928.39933105133,13018149.43869648
740,740000,50426,316157.13673089247,13029230.687967414
741,741000,50430,316166.1461055368,13029277.053330861
742,742000,50490,316497.3681912036,13044809.347808067
743,743000,50492,316442.1188908795,13045319.363560569
744,744000,50500,316488.9729303341,13047544.886355432
745,745000,50536,316781.111165554,13057096.088069946
746,746000,50522,316621.94136366254,13053711.43905762
747,747000,50534,316731.5326716941,13056539.707818842
748,748000,50542,316728.3661760402,13058440.675165191
749,749000,50536,316687.5477644873,13055844.231930973
750,750000,50556,316848.4567566138,13062335.340371905
751,751000,50560,316825.17340902035,13064143.577428196
752,752000,50564,316845.5715226149,13065534.529185524
753,753000,50588,317009.7096987722,13072906.57365417
754,754000,50612,317217.65820136614,13079814.9675562
755,755000,50638,317313.7847108066,13086862.456320904
756,756000,50668,317404.85291172814,13094883.61145752
757,757000,50706,317617.05097933504,13104620.273910247
758,758000,50724,317652.0170492143,13109164.04995611
759,759000,50746,317796.6194780495,13115145.142150257
760,760000,50802,318063.17606344866,13129935.595956923
761,761000,50828,318108.78129585204,13136380.339701636
762,762000,50816,318138.5456397617,13132763.865388501
763,763000,50784,317996.26698336256,13124000.868821464
764,764000,50806,318169.439164314,13130445.611917475
765,765000,50842,318322.27462203597,13140414.099962352
766,766000,50878,318542.4824092194,13149733.476421101
767,767000,50842,318239.3500927216,13140970.480642982
768,768000,50852,318318.8672555879,13143798.749302376
769,769000,50898,318685.4085676877,13155621.839084454
770,770000,50932,318788.24621332064,13165822.152506724
771,771000,50900,318648.7074667044,13157569.171850368
772,772000,50914,318736.2015297043,13160861.090955196
773,773000,50930,318848.57568832085,13164245.739982527
774,774000,50930,318825.98714217637,13164384.834915902
775,775000,50986,319167.9366207366,13179407.114015553
776,776000,50992,319200.92046427896,13180195.320235157
777,777000,51014,319344.7361235551,13185388.207248734
778,778000,51022,319342.96902626916,13186547.333515564
779,779000,51038,319473.36970216274,13190627.458471192
780,780000,51024,319350.5907972318,13187474.63447047
781,781000,51050,319568.4868409895,13193641.18755229
782,782000,51054,319665.9982982826,13195217.599650059
783,783000,51104,319854.29871665605,13208895.292005405
784,784000,51148,320108.0819874268,13219234.699806042
785,785000,51104,319768.1733052105,13207179.784962257
786,786000,51124,319894.218630737,13212048.115720205
787,787000,51138,319979.1540994766,13215571.860556137
788,788000,51212,320376.1360449043,13235462.470738962
789,789000,51276,320799.584775679,13252478.44751005
790,790000,51350,321230.15318207664,13271024.470805634
791,791000,51400,321543.5397510839,13283774.861670168
792,792000,51412,321632.2942418946,13286093.114982918
793,793000,51406,321648.382486507,13283728.497169632
794,794000,51400,321579.94407694094,13281827.529376525
795,795000,51400,321566.2046072243,13282708.465755029
796,796000,51434,321783.31905964937,13291749.652331794
797,797000,51436,321762.22357401997,13292166.937899122
798,798000,51426,321635.89962894993,13290636.891283372
799,799000,51458,321901.5293231644,13298472.585944872
800,800000,51476,321985.0301551187,13302830.901239442
801,801000,51492,322071.4351378771,13306864.661498046
802,802000,51556,322415.77614393475,13322628.781594465
803,803000,51590,322644.15279427654,13332365.44421012
804,804000,51566,322495.3728893696,13325920.700787218
805,805000,51558,322477.96030542935,13324112.46334742
806,806000,51580,322664.4304442315,13330557.206586907
807,807000,51586,322748.0625527537,13332458.174154777
808,808000,51588,322722.6015578264,13333060.920019154
809,809000,51590,322711.6806367099,13333292.745372059
810,810000,51590,322774.1201337327,13332921.824583948
811,811000,51612,322894.488752119,13339505.662722258
812,812000,51622,322918.126968284,13340803.884706145
813,813000,51642,323007.96279015247,13348036.83380938
814,814000,51670,323151.40147056174,13355640.703344556
815,815000,51696,323302.10468767106,13362734.557636816
816,816000,51704,323316.1342603304,13364264.60408794
817,817000,51718,323419.0700482547,13367556.523434818
818,818000,51762,323776.28549964266,13378869.598100696
819,819000,51788,323878.35847076104,13385082.516347423
820,820000,51762,323792.6975708521,13379843.264507568
821,821000,51774,323836.941122962,13382717.898263179
822,822000,51804,324016.667222774,13390182.672601348
823,823000,51826,324086.19958909776,13395190.099108214
824,824000,51830,324102.1595758549,13396627.415833421
825,825000,51870,324364.73432689655,13407662.299938412
826,826000,51866,324357.49258323695,13407059.554368833
827,827000,51856,324269.82348609256,13404787.666095879
828,828000,51862,324269.6246683481,13404787.66618592
829,829000,51904,324581.1648259995,13416378.931067869
830,830000,51920,324639.20345283864,13420134.50052287
831,831000,51910,324637.7061356891,13417120.771891342
832,832000,51914,324662.00347525935,13418836.278846739
833,833000,51906,324638.1770616697,13417028.041862285
834,834000,51928,324766.0743811497,13423611.879735611
835,835000,51952,324908.35644906544,13429546.60767762
836,836000,51972,325066.85550178535,13433904.923244614
837,837000,51972,325029.4310169819,13433441.272798019
838,838000,51978,325048.8103508825,13434461.303888403
839,839000,52000,325204.47652542865,13441091.50758289
840,840000,52018,325274.9038672566,13446794.409708556
841,841000,52026,325313.08049220877,13448602.6470986
842,842000,52092,325715.2156893864,13466453.194475261
843,843000,52074,325592.3539955801,13462094.879119007
844,844000,52066,325539.36274935433,13458061.119066427
845,845000,52074,325520.8351395273,13460379.372019377
846,846000,52102,325751.28090350894,13467751.416750692
847,847000,52098,325652.2183244157,13467334.131033951
848,848000,52112,325719.9144818125,13471136.065602964
849,849000,52138,325822.99481026735,13478090.824221054
850,850000,52136,325828.3898052441,13477395.348461175
851,851000,52218,326305.7114642208,13497332.32347499
852,852000,52180,326070.36153243476,13488291.137352115
853,853000,52194,326192.81400637794,13492603.088069018
854,854000,52214,326265.33269856276,13498027.799311515
855,855000,52208,326288.8500031752,13497285.958447138
856,856000,52216,326253.16981911665,13499928.767117038
857,857000,52214,326216.617561312,13498537.815312443
858,858000,52226,326252.1835573218,13500948.798099963
859,859000,52252,326458.12919943704,13507486.271604465
860,860000,52248,326408.8162801414,13506698.065899398
861,861000,52260,326451.8101829593,13509804.524518816
862,862000,52254,326437.29326964,13508181.747518934
863,863000,52264,326467.21998515725,13510360.905233368
864,864000,52290,326582.1275084392,13517686.584746346
865,865000,52300,326700.0708358282,13519773.012486184
866,866000,52326,326866.0352718945,13526727.771085443
867,867000,52336,326891.70610471466,13528906.928728065
868,868000,52342,326933.6906850187,13530251.515529172
869,869000,52346,326989.17669781315,13531317.911822846
870,870000,52348,327024.4578734093,13531225.181608364
871,871000,52356,327027.8586555937,13532801.59374276
872,872000,52378,327136.4569489608,13537623.55971803
873,873000,52392,327177.73838878056,13542167.335686488
874,874000,52418,327350.1915358474,13550003.031011343
875,875000,52448,327456.52547406225,13558256.011107014
876,876000,52468,327640.49432600284,13563170.707461605
877,877000,52500,327770.1298457535,13571191.862615662
878,878000,52504,327754.7863205849,13572721.9092252
879,879000,52504,327773.3014014739,13571980.068410354
880,880000,52500,327785.3500519736,13569615.450449536
881,881000,52512,327830.9258324246,13571887.338514956
882,882000,52506,327843.8990385575,13570171.830974115
883,883000,52514,327880.5768954094,13572629.179032074
884,884000,52526,327905.233371739,13577033.859647252
885,885000,52552,328065.9563972047,13583014.952444071
886,886000,52594,328262.0303215012,13595069.86817988
887,887000,52620,328468.58543963055,13602024.626732903
888,888000,52622,328468.3958913474,13602256.452476788
889,889000,52684,328804.0365663531,13618576.95303947
890,890000,52674,328687.43994820665,13615516.858967014
891,891000,52668,328643.32683970744,13613244.97122512
892,892000,52712,328885.9672581594,13624975.33123949
893,893000,52750,329152.02867180953,13633506.502138218
894,894000,52772,329146.8846195103,13640229.43542786
895,895000,52774,329181.87282157625,13640090.340153255
896,896000,52784,329197.82066819794,13642825.87884607
897,897000,52798,329263.78732510656,13646488.7186091
898,898000,52792,329221.10505165136,13645932.337714683
899,899000,52806,329312.643359389,13648436.051134588
900,900000,52834,329431.36341231107,13656318.111018023
901,901000,52874,329731.67525974347,13668233.931179812
902,902000,52840,329516.5008613724,13657755.427978478
903,903000,52844,329513.7761552134,13658682.729393894
904,904000,52890,329784.2557646332,13670134.898641992
905,905000,52894,329787.52855294314,13671572.21540432
906,906000,52904,329847.7302738486,13674122.293680433
907,907000,52894,329793.70260801184,13671386.75516069
908,908000,52934,330067.65921294375,13681679.798452701
909,909000,52926,329939.08533724025,13679407.910698585
910,910000,52932,329992.53448758693,13680937.957710987
911,911000,52970,330191.8696248787,13690906.444880834
912,912000,52998,330365.8290744858,13698139.394203216
913,913000,52960,330083.5264184512,13687753.621297928
914,914000,52972,330180.4342725484,13691694.651087867
915,915000,52988,330309.7897457789,13695635.68110574
916,916000,53020,330455.5157326225,13704491.407264417
917,917000,53016,330392.1795976257,13704305.947043154
918,918000,53016,330447.74197132443,13705233.248266004
919,919000,53028,330529.98267504986,13706160.549595479
920,920000,53030,330542.9958216557,13706438.739992678
921,921000,53050,330656.5161096724,13712466.197450956
922,922000,53058,330726.26361482765,13715201.736237055
923,923000,53066,330783.38105517725,13716824.513296828
924,924000,53070,330833.59056136705,13718169.100185048
925,925000,53094,330927.20633766946,13724242.922460293
926,926000,53096,330962.2938372392,13725216.5886592
927,927000,53132,331070.6632855897,13734350.505385583
928,928000,53134,331091.8195111591,13733423.204359993
929,929000,53148,331185.2349413398,13737827.88481338
930,930000,53180,331307.86267753644,13745756.309886917
931,931000,53160,331252.32269479055,13741583.4545287
932,932000,53170,331292.71488680784,13743345.32691756
933,933000,53174,331319.6682161014,13745478.119469015
934,934000,53232,331647.2748084183,13759109.44659765
935,935000,53228,331566.2690572104,13758182.145612413
936,936000,53222,331463.05682033143,13756744.8286781
937,937000,53222,331559.71574229404,13756791.19391915
938,938000,53242,331626.5223236002,13762076.810522338
939,939000,53272,331830.3129064687,13770468.886093074
940,940000,53286,331851.7004901285,13774549.010883972
941,941000,53328,332105.4856491314,13785120.244680133
942,942000,53342,332228.4242787993,13788087.60836956
943,943000,53344,332189.9903036675,13788226.703744533
944,944000,53360,332261.10883647494,13791657.717906926
945,945000,53372,332357.6910167506,13795876.93847854
946,946000,53426,332706.88194124645,13810806.487726191
947,947000,53416,332672.21064154175,13808766.425008051
948,948000,53418,332659.17776181933,13808117.314594865
949,949000,53428,332825.5359860676,13809971.91659206
950,950000,53440,332937.6849682446,13812846.55038397
951,951000,53492,333254.73930933024,13825782.402087325
952,952000,53470,333063.9822011678,13819986.769646905
953,953000,53462,333026.71058057225,13819476.754102258
954,954000,53508,333245.3055193725,13832319.875442218
955,955000,53496,333116.72519545193,13828796.130522043
956,956000,53510,333142.2612748064,13833247.176507838
957,957000,53496,333066.4458558286,13828796.13054132
958,958000,53506,333104.1151784295,13832644.4304113
959,959000,53528,333255.1975845258,13839135.53893443
960,960000,53554,333423.2816341602,13845719.377538035
961,961000,53570,333481.9043435405,13851283.183959845
962,962000,53574,333603.44928474334,13852581.405828834
963,963000,53582,333607.9187557847,13854111.45312275
964,964000,53602,333758.77047067066,13859397.06987488
965,965000,53626,333828.72198448505,13865888.17787159
966,966000,53620,333780.77327751915,13863755.385049442
967,967000,53640,333973.8256833697,13868160.066042822
968,968000,53644,333991.0948725705,13868484.621393858
969,969000,53690,334220.71209658275,13881095.91748374
970,970000,53678,334141.11217082443,13877479.442780714
971,971000,53682,334192.88532523386,13879334.044781102
972,972000,53688,334304.6777162094,13880075.885899568
973,973000,53696,334333.9505547991,13882625.964076359
974,974000,53724,334504.4892195918,13890137.103861552
975,975000,53734,334529.9535571553,13891852.610845242
976,976000,53728,334509.87612359104,13890461.658831447
977,977000,53750,334606.0390491839,13896025.466411307
978,978000,53752,334625.732154167,13897370.052960442
979,979000,53758,334663.75429305376,13898575.544437021
980,980000,53776,334806.1395039789,13903026.590172196
981,981000,53790,334879.5895102894,13906828.524854831
982,982000,53812,334969.95568897313,13912577.792266237
983,983000,53838,335173.7656111633,13918790.710165555
984,984000,53828,335069.993784105,13916240.631779699
985,985000,53834,335127.33469396067,13916472.45726245
986,986000,53844,335156.69768016244,13920181.66204651
987,987000,53852,335227.1015107952,13921804.439193336
988,988000,53904,335472.6997641712,13934740.290429048
989,989000,53916,335574.8134164349,13937104.908539966
990,990000,53904,335540.5448606692,13933673.894052496
991,991000,53942,335798.06267537066,13944198.762276288
992,992000,53928,335717.8543092044,13940350.462655962
993,993000,53928,335774.49046844186,13940906.843545154
994,994000,53948,335954.9812230818,13946795.20558649
995,995000,53950,335905.0871613794,13945450.619006924
996,996000,53990,336182.4097526167,13955650.93177883
997,997000,54028,336345.3907042817,13966036.70536206
998,998000,54008,336293.77274086373,13961307.46910173
999,999000,54018,336330.91564352677,13964738.483505458
